Customer_ID,Age,Income,Credit_Score,Credit_Utilization,Missed_Payments,Delinquent_Account,Loan_Balance,Debt_to_Income_Ratio,Employment_Status,Account_Tenure,Credit_Card_Type,Location,Month_1,Month_2,Month_3,Month_4,Month_5,Month_6
CUST1000,59,39816.0,525,18.77,3,0,32001.0,30.75,Employed,3,Standard,Sharjah,1,0,0,2,0,0
CUST1001,49,,517,26.17,5,0,15623.0,67.59,Employed,9,Platinum,Dubai,2,0,0,0,0,0
CUST1002,35,122547.0,805,83.23,4,0,,75.16,Unemployed,5,Standard,Abu Dhabi,0,0,0,0,0,1
CUST1003,63,72853.0,558,47.56,5,0,21372.0,18.93,Self-Employed,8,Gold,Abu Dhabi,0,0,1,0,0,0
CUST1004,28,44917.0,816,53.18,3,0,44799.0,32.94,Employed,9,Platinum,Dubai,0,0,0,0,1,2
CUST1005,41,,353,21.06,3,0,,74.65,Self-Employed,5,Standard,Sharjah,0,1,2,0,1,0
CUST1006,59,41566.0,346,33.1,5,0,35503.0,9.64,Employed,10,Standard,Ajman,0,0,0,0,0,1
CUST1007,39,95452.0,820,25.72,2,0,30746.0,11.93,Employed,9,Standard,Ajman,1,0,0,0,0,0
CUST1008,43,82823.0,398,23.56,4,0,,17.21,Employed,2,Gold,Dubai,2,1,0,0,0,0
CUST1009,31,141392.0,319,62.42,0,0,9867.0,49.64,Employed,9,Gold,Abu Dhabi,2,0,0,0,0,1
CUST1010,31,40806.0,789,28.12,1,0,41258.0,16.29,Self-Employed,11,Gold,Abu Dhabi,0,2,0,0,0,0
CUST1011,44,95520.0,718,61.88,3,1,33724.0,77.61,Employed,4,Standard,Ajman,1,1,1,1,0,1
CUST1012,56,21759.0,361,10.26,1,0,9306.0,38.5,Employed,6,Standard,Dubai,0,0,2,0,0,0
CUST1013,60,146092.0,444,17.76,0,0,39391.0,42.61,Unemployed,6,Standard,Ajman,0,2,2,0,0,0
CUST1014,44,61949.0,515,29.71,1,0,,23.5,Employed,6,Standard,Sharjah,0,0,0,0,0,0
CUST1015,23,112374.0,302,58.73,0,0,27081.0,40.32,Employed,2,Gold,Sharjah,0,0,1,0,0,0
CUST1016,42,22482.0,459,65.83,5,0,37228.0,54.64,Employed,7,Platinum,Dubai,2,0,0,0,0,0
CUST1017,22,44442.0,419,44.84,2,0,23386.0,61.34,Self-Employed,13,Gold,Dubai,0,0,0,0,0,0
CUST1018,44,53719.0,388,45.12,3,1,46754.0,61.54,Self-Employed,6,Standard,Sharjah,0,2,1,2,0,0
CUST1019,64,78066.0,628,70.21,0,0,45406.0,48.34,Employed,11,Platinum,Abu Dhabi,0,0,0,0,0,0
CUST1020,50,113501.0,656,6.42,1,0,28302.0,72.83,Self-Employed,14,Gold,Dubai,0,0,0,0,0,0
CUST1021,58,22079.0,566,35.7,3,0,19212.0,66.31,Employed,1,Platinum,Sharjah,0,0,0,0,0,0
CUST1022,22,22717.0,622,78.68,2,0,35618.0,61.78,Self-Employed,2,Gold,Sharjah,0,0,0,1,0,0
CUST1023,41,79676.0,840,59.29,5,0,46067.0,9.17,Employed,7,Standard,Abu Dhabi,0,0,0,0,0,0
CUST1024,53,47952.0,494,35.35,3,0,10698.0,5.52,Employed,1,Standard,Abu Dhabi,0,0,0,0,1,0
CUST1025,32,106444.0,631,86.5,0,1,4594.0,20.93,Unemployed,1,Gold,Abu Dhabi,1,1,2,1,1,0
CUST1026,42,62460.0,469,74.54,2,0,25525.0,54.76,Employed,1,Standard,Abu Dhabi,0,0,0,0,0,0
CUST1027,64,110397.0,820,28.84,1,0,14282.0,35.84,Employed,8,Standard,Ajman,0,1,0,0,0,0
CUST1028,45,,762,63.08,2,1,49053.0,35.18,Employed,4,Gold,Abu Dhabi,0,0,0,0,0,2
CUST1029,69,113607.0,339,58.62,2,0,14334.0,71.34,Unemployed,4,Gold,Ajman,0,1,0,0,1,1
CUST1030,47,109106.0,836,41.11,4,1,29179.0,72.17,Employed,13,Gold,Dubai,0,0,0,0,0,0
CUST1031,62,38449.0,560,38.03,2,0,6644.0,73.19,Employed,2,Standard,Sharjah,0,0,0,0,2,0
CUST1032,48,53536.0,694,35.92,2,1,35618.0,28.54,Employed,11,Standard,Ajman,2,0,1,0,0,1
CUST1033,36,84077.0,525,60.54,3,0,47701.0,56.83,Employed,11,Gold,Dubai,0,1,2,0,0,0
CUST1034,35,58258.0,423,44.82,1,1,32933.0,25.37,Employed,11,Platinum,Dubai,1,0,1,0,2,0
CUST1035,67,68302.0,337,79.87,3,1,,19.3,Self-Employed,1,Gold,Ajman,2,2,1,2,0,0
CUST1036,64,145937.0,627,65.26,3,0,33687.0,18.85,Unemployed,12,Platinum,Dubai,0,0,0,1,0,0
CUST1037,23,48865.0,550,11.29,0,1,41073.0,30.66,Employed,10,Gold,Dubai,0,0,1,0,0,2
CUST1038,57,26645.0,475,62.62,3,0,17375.0,37.25,Employed,9,Gold,Ajman,0,0,0,0,0,0
CUST1039,27,139771.0,753,29.4,4,0,48483.0,67.32,Employed,7,Standard,Dubai,2,2,0,0,0,0
CUST1040,41,,336,58.35,4,0,30926.0,13.99,Employed,4,Gold,Abu Dhabi,2,0,0,0,0,0
CUST1041,29,46737.0,615,66.21,0,0,36607.0,60.12,Unemployed,12,Gold,Abu Dhabi,0,1,0,0,0,1
CUST1042,59,31485.0,413,25.77,5,0,,44.86,Employed,6,Gold,Sharjah,1,1,0,2,0,1
CUST1043,38,58565.0,339,46.12,1,0,23993.0,26.6,Employed,14,Standard,Dubai,0,0,2,0,2,0
CUST1044,24,45522.0,600,22.13,1,0,44386.0,41.96,Self-Employed,2,Gold,Sharjah,2,0,0,0,0,0
CUST1045,45,139614.0,523,9.71,3,1,46287.0,27.5,Employed,7,Standard,Abu Dhabi,2,0,0,0,0,0
CUST1046,34,85155.0,617,39.06,3,1,21188.0,49.71,Employed,2,Gold,Abu Dhabi,0,0,0,0,0,1
CUST1047,29,75168.0,648,37.66,5,0,32596.0,37.54,Employed,10,Standard,Abu Dhabi,0,1,0,0,0,1
CUST1048,46,72487.0,414,94.59,3,0,27772.0,17.33,Self-Employed,8,Platinum,Dubai,0,0,0,0,0,0
CUST1049,22,149948.0,622,45.17,1,0,30857.0,13.74,Unemployed,8,Standard,Dubai,0,0,0,0,2,0
CUST1050,40,32342.0,339,35.02,2,0,10776.0,46.0,Employed,1,Standard,Abu Dhabi,1,1,0,1,0,0
CUST1051,48,60806.0,339,57.24,4,0,32835.0,72.68,Unemployed,13,Standard,Sharjah,0,0,0,0,0,0
CUST1052,67,68770.0,588,12.99,2,0,9788.0,30.8,Employed,8,Gold,Sharjah,0,0,1,2,0,0
CUST1053,27,98623.0,561,91.55,2,0,5660.0,59.98,Employed,2,Standard,Ajman,0,0,0,1,0,0
CUST1054,64,123177.0,515,62.15,1,1,4478.0,54.4,Employed,6,Standard,Abu Dhabi,2,0,0,0,1,0
CUST1055,28,119785.0,446,72.94,2,0,8210.0,74.87,Employed,13,Gold,Sharjah,0,0,0,1,0,0
CUST1056,67,95629.0,635,20.34,5,0,10922.0,66.57,Employed,1,Standard,Abu Dhabi,0,1,0,0,0,0
CUST1057,55,140993.0,467,41.85,0,0,36289.0,47.5,Employed,5,Platinum,Sharjah,0,0,1,2,0,0
CUST1058,34,72603.0,391,43.04,3,0,33340.0,54.28,Employed,11,Platinum,Ajman,2,0,0,0,0,0
CUST1059,37,146944.0,652,78.96,0,0,39850.0,72.38,Employed,7,Gold,Ajman,1,0,0,0,0,0
CUST1060,56,132726.0,662,5.11,4,0,38163.0,34.96,Employed,13,Standard,Abu Dhabi,0,0,1,0,0,0
CUST1061,60,101974.0,644,32.08,3,0,48175.0,29.51,Self-Employed,10,Gold,Sharjah,0,0,0,0,0,0
CUST1062,24,,469,93.31,2,0,18642.0,5.81,Employed,1,Standard,Dubai,0,2,0,2,0,0
CUST1063,22,,655,47.74,4,1,11094.0,66.99,Employed,2,Standard,Ajman,0,0,0,0,0,1
CUST1064,26,148177.0,490,39.43,3,1,22423.0,65.07,Employed,7,Standard,Abu Dhabi,0,0,2,0,2,0
CUST1065,62,105382.0,721,15.78,5,0,33418.0,12.83,Employed,6,Platinum,Abu Dhabi,2,0,1,0,2,1
CUST1066,24,101244.0,306,92.67,5,0,5741.0,48.26,Unemployed,3,Standard,Sharjah,0,0,0,2,0,0
CUST1067,49,129575.0,432,6.8,5,0,46049.0,39.8,Employed,14,Gold,Abu Dhabi,1,0,0,0,0,0
CUST1068,38,135520.0,330,71.35,5,0,6838.0,13.9,Employed,10,Gold,Ajman,0,0,0,0,0,0
CUST1069,46,130904.0,834,74.17,2,0,3262.0,78.54,Self-Employed,2,Standard,Abu Dhabi,0,0,2,0,0,0
CUST1070,64,96534.0,725,26.93,0,0,4996.0,21.1,Employed,10,Standard,Abu Dhabi,0,0,2,0,0,0
CUST1071,54,,693,65.44,3,0,44594.0,10.04,Employed,4,Platinum,Dubai,0,0,0,0,0,0
CUST1072,30,,662,13.36,2,0,22164.0,49.61,Employed,3,Gold,Dubai,0,0,1,0,1,1
CUST1073,56,50678.0,736,28.13,5,0,35595.0,60.42,Unemployed,7,Gold,Ajman,0,2,0,0,2,0
CUST1074,34,96218.0,381,75.91,0,1,30257.0,7.43,Employed,8,Standard,Sharjah,0,0,0,0,0,2
CUST1075,51,83230.0,655,82.82,4,1,14211.0,54.4,Employed,2,Standard,Dubai,0,0,0,0,0,1
CUST1076,68,134684.0,557,59.76,4,1,30453.0,44.92,Employed,10,Standard,Sharjah,0,0,0,0,0,0
CUST1077,35,94055.0,823,50.62,4,0,5232.0,12.74,Employed,7,Standard,Ajman,2,0,2,0,0,0
CUST1078,28,76373.0,594,19.34,5,1,,17.94,Employed,8,Standard,Dubai,0,0,0,1,0,0
CUST1079,34,51480.0,523,10.68,4,0,24229.0,47.6,Employed,6,Platinum,Sharjah,1,0,0,2,0,1
CUST1080,43,105230.0,824,15.59,1,1,,27.23,Employed,6,Standard,Dubai,0,0,2,0,1,0
CUST1081,60,88836.0,345,25.46,3,0,25613.0,75.37,Unemployed,10,Standard,Ajman,1,0,2,0,0,1
CUST1082,41,,412,35.75,3,1,14026.0,66.41,Self-Employed,1,Gold,Ajman,0,0,0,0,0,0
CUST1083,36,59986.0,532,39.28,5,0,28554.0,78.77,Employed,4,Gold,Dubai,1,0,0,0,0,2
CUST1084,65,44160.0,316,36.17,1,1,30908.0,24.48,Self-Employed,14,Standard,Sharjah,0,0,0,0,0,0
CUST1085,38,105595.0,659,26.51,2,1,19610.0,77.73,Employed,1,Gold,Abu Dhabi,0,0,0,0,0,0
CUST1086,67,121358.0,522,50.88,2,0,46646.0,37.34,Employed,4,Standard,Abu Dhabi,0,0,2,0,1,1
CUST1087,44,99111.0,747,79.28,4,0,39605.0,31.06,Employed,2,Standard,Dubai,0,0,2,2,0,1
CUST1088,46,84929.0,664,30.17,0,1,7031.0,8.78,Self-Employed,11,Standard,Sharjah,0,0,0,0,0,0
CUST1089,45,93506.0,625,89.81,2,0,,8.96,Self-Employed,13,Platinum,Abu Dhabi,0,0,0,0,0,0
CUST1090,65,54911.0,766,83.6,0,1,25515.0,56.9,Employed,5,Standard,Ajman,0,1,0,0,0,0
CUST1091,61,107127.0,713,19.56,3,0,36484.0,39.34,Unemployed,10,Standard,Sharjah,1,0,2,0,1,2
CUST1092,49,51821.0,754,75.76,0,0,36182.0,21.99,Employed,14,Standard,Abu Dhabi,0,0,0,0,0,1
CUST1093,35,95039.0,532,56.71,3,0,570.0,51.05,Unemployed,9,Platinum,Sharjah,0,0,0,0,1,1
CUST1094,65,80535.0,523,55.99,1,0,32254.0,23.96,Unemployed,11,Standard,Dubai,0,2,0,0,0,0
CUST1095,21,133453.0,711,40.19,1,1,19288.0,48.32,Employed,12,Standard,Sharjah,0,0,0,0,0,0
CUST1096,45,104458.0,634,50.1,5,0,13288.0,31.94,Self-Employed,10,Standard,Abu Dhabi,0,0,0,2,0,0
CUST1097,27,32175.0,521,40.75,5,0,29877.0,66.77,Employed,3,Standard,Dubai,0,0,0,0,0,1
CUST1098,29,139235.0,336,53.58,4,0,18889.0,66.55,Employed,8,Gold,Sharjah,2,0,2,0,0,0
CUST1099,44,74771.0,577,61.52,2,0,917.0,40.8,Employed,3,Gold,Ajman,1,0,2,0,1,1
CUST1100,21,126660.0,495,65.69,4,1,10066.0,31.31,Employed,6,Standard,Abu Dhabi,1,0,1,0,0,0
CUST1101,64,147157.0,783,52.92,3,1,29504.0,32.19,Unemployed,4,Standard,Dubai,0,2,0,0,0,0
CUST1102,28,141300.0,541,69.93,4,0,6982.0,65.43,Self-Employed,8,Standard,Sharjah,1,2,0,1,0,0
CUST1103,44,106925.0,623,17.72,0,1,39104.0,29.61,Employed,11,Standard,Ajman,0,0,0,2,0,0
CUST1104,31,133374.0,491,24.08,3,1,18062.0,20.68,Self-Employed,6,Standard,Abu Dhabi,0,0,0,2,0,0
CUST1105,37,86358.0,316,78.69,5,0,16999.0,11.35,Unemployed,8,Gold,Ajman,0,2,2,0,0,0
CUST1106,28,37327.0,823,34.03,1,1,9941.0,40.0,Employed,1,Platinum,Sharjah,0,0,0,1,0,0
CUST1107,55,67057.0,700,7.06,5,0,23470.0,41.16,Unemployed,6,Platinum,Sharjah,0,0,0,0,0,1
CUST1108,55,26150.0,321,18.84,2,0,45148.0,68.07,Employed,1,Platinum,Dubai,0,0,2,0,0,0
CUST1109,53,24425.0,773,25.13,3,1,21133.0,21.59,Self-Employed,1,Gold,Ajman,0,0,2,0,0,0
CUST1110,25,143654.0,419,91.16,3,0,,33.57,Employed,8,Gold,Dubai,0,0,0,1,0,0
CUST1111,62,36032.0,509,56.57,0,1,4529.0,65.63,Employed,7,Standard,Abu Dhabi,0,0,0,0,0,0
CUST1112,59,22198.0,605,88.95,2,1,,66.77,Employed,3,Gold,Dubai,0,0,0,0,2,1
CUST1113,61,80500.0,569,56.76,1,0,12192.0,33.85,Employed,6,Standard,Abu Dhabi,0,0,0,0,0,0
CUST1114,48,73394.0,584,48.14,3,1,8566.0,39.43,Employed,9,Standard,Sharjah,0,0,0,0,0,1
CUST1115,27,40079.0,526,33.24,3,0,7226.0,27.75,Employed,7,Gold,Sharjah,1,0,0,0,0,0
CUST1116,29,56220.0,680,59.57,0,0,37930.0,74.94,Employed,12,Standard,Ajman,0,1,2,2,0,0
CUST1117,28,61874.0,759,17.53,4,0,49358.0,13.9,Unemployed,3,Standard,Abu Dhabi,0,0,0,0,1,0
CUST1118,32,33859.0,306,85.84,1,1,21259.0,75.03,Employed,14,Platinum,Sharjah,0,0,0,0,0,0
CUST1119,54,70460.0,328,79.64,5,0,34087.0,56.29,Employed,14,Standard,Ajman,0,2,0,0,2,0
CUST1120,53,51419.0,332,33.58,2,0,1141.0,44.87,Employed,13,Standard,Ajman,1,2,0,0,1,0
CUST1121,68,138865.0,378,90.75,3,0,,7.45,Employed,6,Platinum,Dubai,0,0,1,0,0,0
CUST1122,43,28705.0,758,79.27,3,1,47269.0,40.67,Self-Employed,11,Gold,Ajman,0,0,0,0,0,0
CUST1123,44,,837,64.97,5,0,2690.0,35.58,Self-Employed,4,Gold,Sharjah,1,0,0,0,0,0
CUST1124,57,149838.0,781,15.96,1,0,40091.0,17.09,Employed,14,Standard,Dubai,0,1,0,0,0,0
CUST1125,55,43236.0,729,48.04,4,0,3255.0,54.23,Employed,13,Standard,Abu Dhabi,0,2,1,0,0,0
CUST1126,64,107955.0,584,50.55,3,0,5213.0,77.84,Self-Employed,3,Platinum,Abu Dhabi,0,1,0,0,0,0
CUST1127,60,105514.0,815,25.93,1,1,,47.16,Employed,9,Gold,Sharjah,0,0,1,0,0,0
CUST1128,42,123145.0,398,12.2,5,0,19404.0,58.61,Self-Employed,10,Gold,Sharjah,0,0,0,0,0,0
CUST1129,47,35358.0,696,74.91,0,0,25380.0,10.13,Employed,2,Standard,Dubai,0,0,0,2,0,0
CUST1130,55,,788,15.98,4,1,25520.0,36.33,Self-Employed,1,Standard,Dubai,2,0,0,0,1,1
CUST1131,21,114914.0,338,58.49,2,0,19173.0,13.73,Employed,14,Platinum,Sharjah,0,0,2,0,0,0
CUST1132,55,122870.0,570,89.28,3,1,23989.0,50.96,Employed,2,Standard,Sharjah,0,0,2,0,1,0
CUST1133,57,96918.0,456,83.85,1,0,42570.0,75.39,Unemployed,7,Gold,Abu Dhabi,0,0,0,0,0,2
CUST1134,67,139179.0,374,30.0,0,1,24519.0,54.63,Employed,10,Standard,Abu Dhabi,2,0,0,2,0,0
CUST1135,34,,429,81.63,2,0,22439.0,10.76,Employed,1,Gold,Abu Dhabi,1,0,0,0,0,0
CUST1136,23,34596.0,383,5.03,1,0,11413.0,31.6,Employed,6,Platinum,Sharjah,0,0,0,0,0,0
CUST1137,21,53572.0,321,6.59,1,1,14995.0,46.3,Employed,14,Gold,Ajman,0,0,0,0,0,0
CUST1138,25,98757.0,758,59.23,2,1,23559.0,35.24,Employed,7,Standard,Sharjah,0,0,2,0,0,0
CUST1139,46,21279.0,838,37.83,0,1,45351.0,67.52,Employed,9,Gold,Sharjah,0,1,2,1,1,2
CUST1140,34,83197.0,681,39.78,5,0,23513.0,66.1,Employed,14,Gold,Abu Dhabi,0,0,0,0,0,0
CUST1141,59,131496.0,739,55.8,0,1,,50.89,Employed,8,Standard,Sharjah,0,2,0,0,0,1
CUST1142,47,82516.0,320,22.26,4,1,32464.0,33.01,Self-Employed,6,Platinum,Dubai,0,0,1,0,1,0
CUST1143,29,27083.0,602,24.06,3,0,21119.0,24.15,Employed,3,Gold,Sharjah,2,0,1,0,0,0
CUST1144,35,140674.0,383,48.61,2,1,29299.0,12.94,Employed,8,Platinum,Sharjah,0,0,0,1,0,0
CUST1145,35,,752,72.88,5,1,39350.0,31.62,Self-Employed,7,Gold,Sharjah,2,0,0,0,0,1
CUST1146,46,146457.0,686,60.75,2,0,46223.0,35.99,Employed,3,Standard,Sharjah,0,1,0,0,1,2
CUST1147,62,129397.0,806,31.76,2,0,25517.0,55.69,Employed,9,Standard,Ajman,0,0,0,0,0,0
CUST1148,33,37771.0,556,43.73,0,0,13117.0,54.36,Employed,12,Standard,Sharjah,0,1,0,0,0,2
CUST1149,52,49975.0,826,20.36,3,0,22250.0,10.26,Employed,2,Platinum,Dubai,0,0,0,0,0,0
CUST1150,59,65648.0,461,11.72,4,0,18950.0,34.64,Employed,3,Gold,Dubai,0,1,0,0,1,0
CUST1151,69,145641.0,462,75.44,1,0,17359.0,18.63,Employed,2,Gold,Sharjah,0,0,0,0,0,0
CUST1152,52,68285.0,823,28.88,1,0,23596.0,16.76,Employed,13,Standard,Abu Dhabi,0,1,0,0,2,0
CUST1153,24,39063.0,570,21.0,2,0,25530.0,67.05,Employed,1,Standard,Ajman,0,0,0,0,0,0
CUST1154,50,87642.0,791,67.25,3,0,1262.0,8.14,Employed,4,Gold,Sharjah,1,0,1,2,1,0
CUST1155,57,110093.0,507,60.62,5,1,40150.0,36.44,Employed,5,Standard,Sharjah,0,0,1,0,0,0
CUST1156,43,134390.0,838,61.99,0,1,22615.0,17.62,Employed,13,Standard,Sharjah,0,2,0,0,0,0
CUST1157,59,,359,25.6,3,0,3327.0,70.95,Self-Employed,6,Gold,Abu Dhabi,0,0,0,0,1,0
CUST1158,65,57599.0,729,25.94,3,1,29768.0,46.78,Employed,5,Standard,Abu Dhabi,2,0,2,0,0,2
CUST1159,35,71920.0,608,24.87,0,0,28850.0,22.35,Employed,1,Standard,Abu Dhabi,0,1,0,0,0,0
CUST1160,63,48529.0,819,20.64,2,0,,42.68,Employed,3,Standard,Ajman,0,0,0,1,0,0
CUST1161,49,55954.0,326,64.02,3,0,,59.86,Employed,1,Standard,Dubai,0,0,0,0,0,0
CUST1162,56,47856.0,498,81.32,1,0,46830.0,76.86,Employed,11,Platinum,Ajman,0,0,0,0,0,0
CUST1163,33,,686,70.19,0,1,39542.0,21.53,Employed,5,Standard,Abu Dhabi,2,0,0,0,0,1
CUST1164,52,98344.0,648,76.29,5,1,15160.0,71.46,Unemployed,5,Standard,Dubai,0,2,2,0,0,0
CUST1165,27,55367.0,835,41.43,4,0,33998.0,75.07,Employed,12,Standard,Dubai,0,1,0,0,0,1
CUST1166,42,122337.0,677,63.87,2,0,27230.0,73.73,Unemployed,11,Gold,Abu Dhabi,0,0,0,0,0,0
CUST1167,48,126732.0,826,36.88,0,0,9076.0,52.66,Employed,13,Standard,Abu Dhabi,0,2,2,0,0,0
CUST1168,22,,452,52.3,4,0,3805.0,52.24,Employed,6,Gold,Ajman,2,0,0,0,0,0
CUST1169,62,80774.0,505,48.35,4,0,,35.24,Employed,8,Standard,Abu Dhabi,0,0,0,0,0,0
CUST1170,65,43752.0,754,20.92,5,0,14715.0,61.43,Employed,10,Standard,Dubai,0,0,0,0,0,0
CUST1171,26,75029.0,572,39.84,3,1,5750.0,44.85,Employed,12,Standard,Sharjah,0,0,0,0,2,0
CUST1172,48,37685.0,535,91.74,5,1,48395.0,55.81,Employed,1,Platinum,Abu Dhabi,0,0,0,0,0,0
CUST1173,48,71693.0,820,27.37,3,0,13232.0,37.13,Employed,4,Platinum,Abu Dhabi,1,2,0,0,1,0
CUST1174,64,136739.0,800,17.04,3,1,35903.0,59.86,Unemployed,10,Standard,Ajman,0,1,0,0,1,2
CUST1175,64,75961.0,416,42.67,0,0,6953.0,66.84,Self-Employed,11,Gold,Ajman,0,0,0,0,1,0
CUST1176,40,126937.0,685,76.13,0,0,32093.0,15.98,Employed,1,Platinum,Abu Dhabi,1,0,0,0,0,0
CUST1177,50,144956.0,643,57.39,2,0,25500.0,67.47,Employed,9,Standard,Dubai,0,0,0,0,1,0
CUST1178,31,96908.0,694,66.29,3,0,22418.0,45.52,Employed,11,Platinum,Dubai,0,2,0,0,1,0
CUST1179,48,145537.0,363,22.07,4,1,34314.0,68.35,Employed,7,Standard,Sharjah,0,1,0,0,0,0
CUST1180,45,146678.0,371,60.71,1,0,48225.0,37.35,Employed,7,Platinum,Abu Dhabi,2,0,0,0,0,1
CUST1181,59,,573,34.12,2,0,22449.0,33.43,Employed,12,Gold,Ajman,0,1,2,0,0,2
CUST1182,53,,619,80.09,0,0,17478.0,73.63,Employed,5,Platinum,Dubai,0,0,0,1,0,0
CUST1183,21,76133.0,637,61.64,5,0,35179.0,23.84,Employed,7,Gold,Sharjah,0,0,0,0,0,0
CUST1184,47,,665,22.9,2,1,46881.0,68.32,Unemployed,12,Standard,Abu Dhabi,0,0,1,0,0,0
CUST1185,33,,794,10.82,2,0,25338.0,41.3,Self-Employed,2,Platinum,Dubai,0,0,0,0,0,0
CUST1186,61,81268.0,465,8.84,2,0,26899.0,43.56,Unemployed,14,Standard,Abu Dhabi,0,0,0,0,0,0
CUST1187,23,112201.0,843,38.43,2,0,4145.0,28.14,Employed,13,Standard,Abu Dhabi,0,0,1,0,0,0
CUST1188,59,58243.0,310,28.93,1,0,32101.0,47.98,Employed,4,Gold,Dubai,0,0,1,0,0,0
CUST1189,26,77384.0,600,63.15,5,0,2775.0,29.39,Employed,14,Gold,Dubai,0,0,0,0,2,0
CUST1190,28,51653.0,401,49.94,5,0,,7.95,Employed,14,Platinum,Dubai,1,0,0,0,0,0
CUST1191,47,46657.0,724,28.94,5,0,31647.0,25.4,Employed,7,Standard,Abu Dhabi,2,0,0,0,0,0
CUST1192,29,59952.0,691,18.43,3,1,45619.0,5.48,Self-Employed,3,Gold,Abu Dhabi,0,0,1,0,0,0
CUST1193,57,42180.0,513,16.45,4,1,45838.0,78.38,Employed,2,Gold,Sharjah,0,2,0,0,0,0
CUST1194,53,117432.0,387,82.82,5,1,19539.0,77.43,Employed,10,Standard,Ajman,0,0,0,0,0,1
CUST1195,62,141829.0,700,26.91,2,0,36738.0,34.64,Employed,2,Standard,Abu Dhabi,0,0,1,0,2,0
CUST1196,64,148377.0,345,63.65,2,0,26616.0,59.63,Employed,13,Standard,Ajman,1,0,0,0,0,1
CUST1197,44,98411.0,762,77.96,5,0,14119.0,30.94,Employed,1,Standard,Dubai,0,1,1,0,2,0
CUST1198,35,21622.0,609,60.27,5,1,25159.0,55.33,Employed,5,Platinum,Abu Dhabi,0,2,0,0,0,0
CUST1199,52,68756.0,385,82.36,2,0,37099.0,65.41,Employed,12,Gold,Sharjah,1,0,0,0,0,0
CUST1200,52,60809.0,391,40.32,3,0,10295.0,76.01,Employed,6,Gold,Sharjah,0,0,0,0,0,0
CUST1201,44,,541,91.06,0,0,,35.02,Unemployed,6,Platinum,Ajman,0,2,1,1,1,2
CUST1202,61,81396.0,301,16.98,0,0,24685.0,63.75,Employed,9,Standard,Dubai,0,0,0,2,0,0
CUST1203,69,,524,14.19,5,0,49343.0,24.94,Self-Employed,4,Platinum,Ajman,0,0,0,0,0,0
CUST1204,69,126296.0,415,64.28,1,0,25479.0,79.27,Employed,1,Standard,Dubai,0,0,0,0,1,0
CUST1205,32,101182.0,402,89.85,5,1,46172.0,6.93,Employed,6,Platinum,Sharjah,1,0,0,0,0,2
CUST1206,59,102565.0,493,77.8,5,0,33629.0,50.26,Employed,5,Standard,Ajman,1,0,2,0,0,0
CUST1207,22,49402.0,465,11.88,0,0,42043.0,54.46,Employed,10,Platinum,Sharjah,0,0,0,0,1,2
CUST1208,23,24263.0,389,30.14,2,0,17033.0,56.6,Employed,6,Standard,Sharjah,2,0,0,0,0,2
CUST1209,69,143489.0,421,88.73,5,0,36902.0,14.03,Self-Employed,3,Standard,Dubai,0,2,2,2,0,0
CUST1210,57,,442,27.78,2,0,,75.39,Self-Employed,2,Gold,Ajman,1,0,0,0,0,1
CUST1211,69,66828.0,405,75.31,2,1,15408.0,18.59,Employed,6,Standard,Ajman,0,1,0,0,0,2
CUST1212,37,140824.0,727,79.26,1,0,17420.0,51.71,Employed,13,Gold,Sharjah,1,0,0,0,0,0
CUST1213,69,67924.0,604,49.59,2,1,16351.0,21.7,Unemployed,1,Standard,Sharjah,2,0,1,1,0,0
CUST1214,22,94182.0,616,39.77,0,0,4131.0,28.04,Employed,7,Gold,Dubai,0,0,0,0,0,0
CUST1215,22,113065.0,308,45.51,3,0,44825.0,45.98,Employed,7,Standard,Abu Dhabi,2,2,0,0,0,0
CUST1216,48,79052.0,372,25.43,3,1,11349.0,36.29,Employed,10,Standard,Abu Dhabi,1,1,0,0,1,0
CUST1217,43,31664.0,658,85.05,4,0,44254.0,17.02,Self-Employed,13,Standard,Sharjah,1,0,0,1,2,0
CUST1218,57,55737.0,522,45.56,5,0,38225.0,17.82,Unemployed,7,Standard,Abu Dhabi,0,1,0,0,0,0
CUST1219,52,121332.0,715,84.42,0,0,38847.0,36.36,Employed,12,Standard,Abu Dhabi,1,0,0,1,0,0
CUST1220,53,109563.0,669,14.51,2,0,,61.8,Unemployed,11,Standard,Abu Dhabi,1,2,0,0,2,0
CUST1221,21,49373.0,563,93.94,3,1,18814.0,72.35,Self-Employed,10,Standard,Abu Dhabi,0,0,0,0,0,1
CUST1222,39,137369.0,617,44.89,0,0,18263.0,11.31,Employed,1,Standard,Sharjah,2,2,0,0,0,0
CUST1223,22,56397.0,383,9.3,3,1,12158.0,34.48,Employed,4,Gold,Abu Dhabi,0,0,0,0,2,0
CUST1224,64,,617,8.42,2,1,15735.0,12.52,Employed,13,Platinum,Abu Dhabi,0,0,1,0,1,0
CUST1225,46,106145.0,410,72.16,3,0,,6.24,Unemployed,7,Standard,Dubai,0,0,1,1,0,0
CUST1226,52,121371.0,550,64.31,5,1,47893.0,54.63,Employed,11,Gold,Sharjah,0,0,0,0,0,2
CUST1227,26,58709.0,682,77.19,5,0,44673.0,50.18,Self-Employed,9,Gold,Ajman,0,0,0,0,0,0
CUST1228,52,136074.0,306,14.48,4,1,23926.0,17.23,Employed,5,Standard,Ajman,0,0,0,0,0,0
CUST1229,24,81120.0,758,8.2,4,0,45066.0,22.54,Self-Employed,13,Gold,Dubai,2,0,2,0,0,2
CUST1230,31,39250.0,383,50.77,3,0,34779.0,6.78,Employed,2,Standard,Dubai,0,0,1,0,0,2
CUST1231,37,41172.0,507,39.88,0,0,3373.0,67.62,Employed,7,Gold,Sharjah,0,0,1,0,0,0
CUST1232,58,31555.0,689,46.58,5,0,10335.0,78.1,Self-Employed,10,Standard,Ajman,0,0,0,0,1,1
CUST1233,44,107410.0,613,94.24,0,0,23741.0,15.16,Self-Employed,1,Gold,Abu Dhabi,0,2,0,0,1,0
CUST1234,25,98617.0,321,92.37,0,1,10692.0,22.36,Unemployed,7,Gold,Dubai,2,0,0,2,0,0
CUST1235,54,73276.0,709,89.81,3,0,47295.0,70.13,Employed,6,Standard,Ajman,0,0,0,0,1,0
CUST1236,26,,814,75.55,0,0,45541.0,74.48,Self-Employed,7,Standard,Sharjah,1,0,0,1,1,0
CUST1237,42,,426,36.94,5,1,34057.0,36.47,Employed,14,Platinum,Abu Dhabi,0,0,2,0,0,1
CUST1238,31,140103.0,313,42.09,2,0,1447.0,8.8,Employed,13,Standard,Sharjah,0,0,0,0,0,0
CUST1239,68,144938.0,311,54.47,4,1,19583.0,7.95,Employed,10,Gold,Dubai,0,0,0,0,0,0
CUST1240,36,109599.0,386,79.75,2,1,22765.0,48.05,Employed,3,Platinum,Ajman,0,0,0,0,0,2
CUST1241,53,92355.0,823,11.18,0,1,23906.0,34.47,Employed,3,Gold,Ajman,0,2,2,1,0,0
CUST1242,29,111248.0,836,43.19,2,1,,7.15,Unemployed,7,Gold,Ajman,0,0,0,0,0,2
CUST1243,26,44762.0,600,12.44,5,0,14139.0,48.74,Employed,13,Gold,Ajman,0,0,0,0,0,2
CUST1244,36,31046.0,542,51.32,5,0,46525.0,5.85,Self-Employed,2,Platinum,Abu Dhabi,1,0,2,1,0,0
CUST1245,49,116999.0,421,85.9,0,1,38230.0,64.05,Employed,1,Standard,Abu Dhabi,0,0,0,0,2,0
CUST1246,23,144130.0,446,75.42,3,0,19520.0,27.98,Employed,9,Standard,Sharjah,0,1,0,0,0,0
CUST1247,40,136021.0,655,25.51,2,0,19702.0,8.02,Employed,9,Standard,Abu Dhabi,0,0,0,0,0,0
CUST1248,56,48769.0,608,92.84,3,0,25566.0,49.13,Unemployed,7,Platinum,Dubai,0,0,0,1,0,0
CUST1249,39,73302.0,587,65.06,3,1,7657.0,34.83,Unemployed,7,Gold,Dubai,1,0,1,0,0,0
CUST1250,46,43150.0,606,5.94,1,0,37688.0,78.04,Unemployed,3,Standard,Ajman,0,0,1,0,2,2
CUST1251,23,88247.0,848,27.99,0,0,30134.0,45.81,Unemployed,10,Platinum,Dubai,0,0,0,0,0,0
CUST1252,39,24853.0,651,28.46,4,0,10345.0,25.64,Employed,2,Standard,Sharjah,2,1,0,2,0,0
CUST1253,40,114613.0,611,11.23,5,0,41185.0,58.21,Employed,11,Standard,Abu Dhabi,0,1,0,0,1,0
CUST1254,52,140900.0,358,91.38,5,0,49928.0,25.36,Self-Employed,7,Gold,Abu Dhabi,0,2,0,0,0,0
CUST1255,27,109399.0,334,48.04,0,0,27413.0,72.82,Employed,9,Standard,Abu Dhabi,0,1,0,0,0,2
CUST1256,61,41792.0,744,85.62,4,0,5208.0,33.1,Employed,1,Platinum,Dubai,0,0,0,2,0,0
CUST1257,53,79129.0,392,34.0,5,1,33455.0,46.24,Employed,13,Standard,Abu Dhabi,1,0,0,1,1,0
CUST1258,60,126019.0,506,16.27,0,0,49681.0,8.79,Employed,14,Platinum,Ajman,1,1,1,2,0,0
CUST1259,59,,652,47.69,5,1,28018.0,36.96,Employed,4,Gold,Ajman,2,1,0,0,0,0
CUST1260,38,133811.0,631,15.26,3,1,,67.43,Employed,6,Standard,Ajman,0,1,0,0,0,0
CUST1261,60,134130.0,458,48.74,2,0,8080.0,65.42,Employed,7,Platinum,Dubai,0,0,0,0,0,0
CUST1262,21,87298.0,323,87.83,2,0,21902.0,21.82,Employed,10,Gold,Abu Dhabi,1,0,1,1,1,0
CUST1263,31,51987.0,703,51.87,5,0,9486.0,21.96,Employed,7,Standard,Dubai,0,1,0,0,0,2
CUST1264,48,35850.0,815,60.48,1,1,,66.3,Employed,10,Standard,Abu Dhabi,0,0,0,0,0,2
CUST1265,45,32112.0,663,19.1,4,0,21158.0,74.78,Self-Employed,2,Platinum,Sharjah,0,2,0,1,0,0
CUST1266,43,141789.0,681,8.94,4,0,40460.0,12.15,Employed,14,Standard,Sharjah,0,0,0,0,1,1
CUST1267,51,,831,14.97,4,0,,38.75,Employed,4,Standard,Dubai,0,0,0,0,0,0
CUST1268,50,65420.0,451,58.87,3,0,35871.0,30.31,Self-Employed,5,Standard,Ajman,1,0,1,0,1,0
CUST1269,62,58890.0,719,13.55,4,0,35208.0,70.3,Employed,14,Standard,Dubai,1,1,2,0,1,0
CUST1270,55,86017.0,549,38.84,2,0,20519.0,11.26,Employed,12,Gold,Ajman,0,0,1,0,0,0
CUST1271,27,67304.0,416,54.51,3,1,31379.0,20.83,Self-Employed,1,Standard,Abu Dhabi,0,0,0,0,0,0
CUST1272,36,52921.0,811,39.98,0,0,28378.0,61.44,Employed,1,Standard,Ajman,0,2,0,0,0,0
CUST1273,46,,634,19.73,4,0,39892.0,8.85,Self-Employed,10,Standard,Ajman,1,0,0,0,1,0
CUST1274,68,21524.0,717,29.64,4,0,49996.0,41.94,Self-Employed,3,Standard,Abu Dhabi,0,1,2,0,0,1
CUST1275,69,,594,88.55,0,1,14031.0,38.16,Employed,10,Platinum,Sharjah,0,0,0,0,0,0
CUST1276,22,35048.0,670,65.84,4,0,14536.0,30.08,Employed,3,Standard,Abu Dhabi,0,1,0,0,1,0
CUST1277,21,55111.0,485,49.64,0,1,,34.59,Employed,12,Platinum,Dubai,0,0,0,0,0,2
CUST1278,68,57904.0,545,6.14,3,0,36683.0,44.75,Employed,8,Standard,Dubai,0,2,0,0,0,0
CUST1279,32,74912.0,567,94.32,2,0,48555.0,17.1,Employed,9,Standard,Dubai,1,2,0,0,0,0
CUST1280,25,54008.0,536,65.43,0,0,17618.0,47.9,Employed,14,Platinum,Dubai,0,0,0,0,0,1
CUST1281,57,20060.0,829,33.52,1,0,6587.0,65.41,Employed,11,Standard,Dubai,0,0,0,1,1,0
CUST1282,52,94666.0,320,84.13,0,0,31480.0,62.01,Employed,12,Gold,Sharjah,0,0,1,0,0,0
CUST1283,29,103559.0,819,28.26,4,0,32994.0,16.54,Employed,1,Platinum,Sharjah,0,0,0,1,0,0
CUST1284,61,,399,53.96,3,1,20527.0,16.19,Employed,14,Standard,Ajman,1,1,0,0,1,1
CUST1285,55,130616.0,777,62.25,5,0,23569.0,25.11,Employed,11,Standard,Dubai,0,0,0,0,0,0
CUST1286,39,33350.0,597,24.9,3,0,11151.0,32.08,Self-Employed,2,Gold,Abu Dhabi,1,0,0,0,2,1
CUST1287,68,44354.0,825,93.06,5,0,5558.0,35.63,Employed,10,Standard,Dubai,0,0,1,0,2,0
CUST1288,36,65186.0,633,72.34,0,0,44739.0,55.98,Employed,2,Standard,Sharjah,0,1,0,0,0,0
CUST1289,23,48145.0,301,55.2,2,0,32954.0,9.25,Unemployed,4,Standard,Dubai,0,2,0,0,0,1
CUST1290,40,,674,21.25,1,0,47448.0,7.6,Employed,2,Standard,Sharjah,0,0,0,2,0,0
CUST1291,44,106123.0,592,9.85,3,0,47327.0,34.39,Employed,7,Gold,Ajman,0,0,2,0,0,0
CUST1292,53,126667.0,617,33.81,4,0,43837.0,57.29,Employed,13,Standard,Ajman,1,0,0,0,0,0
CUST1293,44,95186.0,801,72.79,5,0,35303.0,19.51,Employed,9,Standard,Ajman,0,0,0,1,0,1
CUST1294,31,105469.0,680,29.24,4,0,34700.0,53.11,Employed,7,Gold,Sharjah,0,0,0,0,0,0
CUST1295,69,40581.0,313,53.56,2,0,27500.0,24.49,Employed,12,Standard,Dubai,1,0,0,1,1,0
CUST1296,28,108929.0,803,70.52,5,0,2032.0,71.46,Employed,6,Standard,Dubai,2,0,0,0,0,0
CUST1297,56,43051.0,530,14.71,3,1,1252.0,72.18,Unemployed,10,Gold,Abu Dhabi,0,0,1,2,0,2
CUST1298,58,71474.0,383,66.68,0,0,5509.0,27.3,Employed,1,Standard,Sharjah,2,0,0,0,0,0
CUST1299,60,,429,13.27,4,0,37842.0,22.25,Employed,11,Gold,Abu Dhabi,0,0,2,0,2,0
CUST1300,40,145995.0,444,91.86,2,0,13900.0,35.85,Unemployed,10,Platinum,Ajman,0,0,0,0,0,0
CUST1301,55,134618.0,327,48.96,3,1,14523.0,23.04,Employed,9,Standard,Dubai,1,1,0,0,1,0
CUST1302,68,89626.0,365,18.56,3,1,1881.0,55.43,Unemployed,5,Gold,Sharjah,0,0,0,0,0,0
CUST1303,45,26960.0,462,35.81,3,0,33037.0,66.95,Employed,11,Standard,Abu Dhabi,0,0,1,0,0,0
CUST1304,55,55772.0,528,42.21,3,1,1630.0,55.48,Self-Employed,5,Standard,Abu Dhabi,0,0,0,0,0,0
CUST1305,45,41520.0,560,73.24,5,0,20789.0,66.83,Employed,6,Platinum,Abu Dhabi,1,1,1,0,0,1
CUST1306,49,69481.0,748,71.91,3,0,22523.0,34.77,Self-Employed,9,Platinum,Dubai,1,2,2,1,0,1
CUST1307,38,56408.0,723,60.07,4,1,17958.0,16.72,Unemployed,13,Standard,Dubai,0,0,2,0,0,0
CUST1308,66,114006.0,759,14.53,2,1,46151.0,60.35,Employed,8,Gold,Dubai,0,0,0,0,0,1
CUST1309,38,148496.0,600,18.64,5,0,48920.0,32.04,Employed,8,Platinum,Sharjah,0,0,0,0,2,0
CUST1310,22,77134.0,602,13.44,3,0,43852.0,55.35,Employed,14,Platinum,Dubai,0,0,1,0,0,1
CUST1311,55,40491.0,586,56.95,1,0,1695.0,25.3,Employed,8,Gold,Sharjah,0,0,0,0,2,0
CUST1312,36,21341.0,694,83.94,1,0,14821.0,11.09,Employed,1,Standard,Abu Dhabi,1,0,0,1,0,0
CUST1313,61,64623.0,309,44.04,2,1,3262.0,79.44,Employed,1,Standard,Abu Dhabi,0,0,0,2,0,2
CUST1314,56,110327.0,569,19.48,0,0,1445.0,16.72,Employed,8,Platinum,Ajman,0,0,0,0,0,1
CUST1315,53,20338.0,660,55.22,0,0,16436.0,79.13,Employed,5,Standard,Dubai,0,0,0,1,0,0
CUST1316,24,91431.0,556,78.06,5,0,9949.0,78.3,Employed,9,Gold,Abu Dhabi,0,0,0,0,0,0
CUST1317,53,32254.0,432,71.75,5,0,23963.0,64.54,Employed,2,Standard,Dubai,2,0,0,0,0,0
CUST1318,34,71860.0,575,84.33,5,0,29932.0,54.46,Employed,9,Standard,Sharjah,0,0,0,0,0,0
CUST1319,41,31344.0,812,30.01,0,0,6901.0,48.34,Employed,12,Standard,Abu Dhabi,0,0,0,0,0,0
CUST1320,68,,612,22.46,1,1,,69.96,Employed,14,Platinum,Dubai,0,1,0,0,0,0
CUST1321,40,74756.0,583,84.18,0,1,8597.0,26.71,Employed,8,Standard,Abu Dhabi,0,0,0,0,1,1
CUST1322,28,87957.0,420,64.18,4,0,6855.0,40.08,Employed,9,Gold,Abu Dhabi,0,0,0,0,0,0
CUST1323,27,125423.0,406,32.98,3,1,18678.0,51.45,Employed,4,Standard,Dubai,0,2,0,0,0,0
CUST1324,23,78053.0,503,71.81,5,1,8263.0,35.84,Employed,1,Standard,Abu Dhabi,0,0,0,0,0,0
CUST1325,37,,464,78.36,1,1,47288.0,37.06,Self-Employed,1,Standard,Abu Dhabi,0,0,0,2,0,0
CUST1326,53,35896.0,604,60.35,2,0,,29.77,Employed,5,Gold,Abu Dhabi,0,0,0,0,0,0
CUST1327,68,,796,66.91,2,0,26143.0,47.32,Employed,2,Standard,Abu Dhabi,0,1,0,0,0,0
CUST1328,32,82552.0,455,38.77,3,0,11874.0,68.79,Self-Employed,14,Standard,Sharjah,2,2,1,0,0,1
CUST1329,42,,666,53.48,1,0,27529.0,20.11,Self-Employed,8,Standard,Abu Dhabi,0,0,0,0,0,1
CUST1330,42,,550,52.17,0,0,20866.0,75.08,Unemployed,10,Standard,Ajman,0,0,0,0,0,0
CUST1331,66,146522.0,633,81.32,0,0,14079.0,56.68,Employed,11,Platinum,Abu Dhabi,0,0,0,0,0,0
CUST1332,50,138681.0,810,80.6,4,0,49850.0,66.75,Employed,5,Platinum,Dubai,0,0,0,0,0,0
CUST1333,58,110600.0,592,79.94,4,1,7243.0,46.71,Unemployed,5,Standard,Ajman,1,0,0,0,2,1
CUST1334,58,142732.0,319,5.99,0,0,29872.0,63.46,Employed,2,Gold,Sharjah,0,0,0,0,0,1
CUST1335,65,132153.0,581,72.46,2,0,9018.0,6.22,Employed,7,Platinum,Ajman,0,0,0,0,0,0
CUST1336,28,,300,73.28,5,1,,66.38,Self-Employed,13,Standard,Ajman,0,1,0,0,1,0
CUST1337,47,47935.0,418,66.05,2,1,12100.0,8.01,Self-Employed,8,Platinum,Ajman,0,0,0,0,1,1
CUST1338,47,57641.0,334,73.06,4,1,49459.0,71.74,Unemployed,10,Platinum,Dubai,1,0,2,1,0,0
CUST1339,54,49711.0,497,80.78,3,1,19800.0,79.4,Unemployed,13,Standard,Dubai,0,0,0,0,0,0
CUST1340,41,90342.0,784,47.33,0,0,26910.0,27.06,Self-Employed,1,Standard,Dubai,0,1,0,1,2,2
CUST1341,50,126896.0,358,50.18,4,1,29437.0,20.77,Employed,2,Platinum,Sharjah,0,0,0,0,0,0
CUST1342,53,32182.0,460,16.22,4,0,37588.0,62.4,Unemployed,10,Gold,Dubai,0,0,0,2,2,0
CUST1343,48,107833.0,505,39.68,5,0,11001.0,23.98,Employed,4,Standard,Dubai,0,0,1,0,0,0
CUST1344,67,76276.0,311,62.9,0,0,46675.0,69.92,Employed,5,Standard,Ajman,1,0,0,0,0,0
CUST1345,53,39541.0,789,75.24,5,0,19942.0,12.71,Unemployed,13,Standard,Dubai,0,2,0,2,0,0
CUST1346,25,114457.0,575,24.55,0,0,20862.0,14.45,Employed,2,Gold,Abu Dhabi,1,0,1,0,0,0
CUST1347,68,102310.0,541,17.4,5,0,11669.0,78.44,Employed,1,Gold,Dubai,0,0,0,0,1,0
CUST1348,39,64813.0,515,64.67,2,1,15916.0,55.54,Employed,9,Platinum,Sharjah,0,0,0,0,2,0
CUST1349,24,57198.0,550,5.17,3,0,10878.0,68.52,Unemployed,14,Standard,Sharjah,0,0,2,0,0,1
CUST1350,55,28820.0,425,21.05,3,0,2985.0,29.32,Employed,1,Gold,Abu Dhabi,2,1,0,2,0,0
CUST1351,69,44070.0,516,7.62,0,1,32369.0,55.74,Self-Employed,13,Gold,Sharjah,0,0,0,0,1,0
CUST1352,37,89768.0,605,20.02,1,0,8112.0,49.57,Employed,4,Standard,Sharjah,0,0,0,0,0,0
CUST1353,64,,484,21.32,4,0,41235.0,50.24,Self-Employed,2,Standard,Ajman,0,0,0,0,0,0
CUST1354,48,100559.0,338,39.89,4,0,18931.0,56.19,Self-Employed,11,Platinum,Abu Dhabi,0,0,0,0,0,0
CUST1355,50,93543.0,522,41.21,0,0,27340.0,48.15,Employed,4,Platinum,Ajman,0,2,1,0,0,0
CUST1356,49,103441.0,483,83.68,5,0,336.0,37.18,Employed,8,Standard,Ajman,2,0,0,0,1,1
CUST1357,66,61786.0,794,50.91,1,1,42933.0,25.69,Employed,8,Gold,Dubai,2,1,0,0,0,0
CUST1358,26,114934.0,726,70.11,2,0,19363.0,62.64,Unemployed,11,Standard,Abu Dhabi,0,1,2,0,0,2
CUST1359,55,119804.0,477,14.37,5,0,45536.0,21.97,Employed,12,Gold,Dubai,2,0,0,2,2,2
CUST1360,61,26737.0,727,25.29,5,1,3968.0,56.93,Unemployed,9,Gold,Dubai,0,0,0,0,0,0
CUST1361,57,56062.0,593,68.26,0,1,33678.0,22.5,Employed,13,Gold,Ajman,0,0,0,0,0,0
CUST1362,44,74237.0,450,9.75,0,0,48400.0,51.9,Self-Employed,11,Platinum,Sharjah,0,0,2,0,0,2
CUST1363,49,71571.0,683,48.79,4,0,16279.0,61.03,Self-Employed,12,Gold,Abu Dhabi,0,0,1,0,0,2
CUST1364,69,,607,58.94,0,0,3129.0,21.4,Self-Employed,5,Standard,Sharjah,2,0,0,0,0,0
CUST1365,66,39426.0,635,59.19,0,0,38215.0,9.5,Unemployed,7,Gold,Ajman,0,0,0,2,0,0
CUST1366,51,,674,7.06,0,0,,14.82,Employed,3,Standard,Ajman,0,0,0,0,0,0
CUST1367,55,37850.0,307,33.99,4,0,5850.0,50.45,Employed,10,Standard,Ajman,0,0,2,1,0,2
CUST1368,53,138249.0,640,62.28,2,1,,68.71,Self-Employed,4,Standard,Ajman,0,0,0,0,0,0
CUST1369,41,86150.0,428,18.41,2,0,40214.0,8.37,Self-Employed,10,Standard,Ajman,0,0,0,0,0,0
CUST1370,52,107312.0,651,67.59,0,0,11949.0,60.06,Employed,9,Gold,Ajman,2,0,1,0,0,1
CUST1371,43,109613.0,657,72.13,4,0,8519.0,30.6,Employed,10,Standard,Sharjah,1,1,0,0,0,0
CUST1372,53,94910.0,816,93.38,2,0,26375.0,40.89,Employed,10,Gold,Dubai,1,0,0,0,0,0
CUST1373,23,72375.0,794,23.89,5,0,33082.0,74.66,Employed,14,Gold,Sharjah,0,1,0,1,0,0
CUST1374,38,141826.0,385,79.26,2,0,,29.9,Employed,12,Standard,Abu Dhabi,0,0,0,0,2,1
CUST1375,45,55435.0,474,51.83,2,1,1134.0,39.9,Employed,1,Platinum,Sharjah,0,0,0,2,1,0
CUST1376,62,116443.0,492,38.61,4,0,10938.0,6.03,Self-Employed,2,Standard,Ajman,0,0,2,1,0,0
CUST1377,51,77132.0,610,16.01,5,0,24486.0,11.12,Employed,5,Standard,Sharjah,0,0,0,0,1,0
CUST1378,23,98945.0,418,71.2,4,0,48356.0,24.39,Employed,3,Gold,Dubai,1,0,0,0,0,0
CUST1379,60,102050.0,517,26.23,0,0,26096.0,7.09,Employed,2,Standard,Abu Dhabi,0,0,0,0,2,0
CUST1380,66,149828.0,726,38.43,3,0,41115.0,52.35,Employed,1,Standard,Sharjah,0,0,0,2,0,0
CUST1381,44,,713,10.63,2,0,5592.0,36.98,Self-Employed,10,Gold,Dubai,0,0,0,0,0,0
CUST1382,52,22983.0,413,77.12,3,0,18108.0,46.11,Unemployed,3,Gold,Sharjah,0,0,0,0,0,1
CUST1383,67,117241.0,444,73.99,4,0,17270.0,18.1,Employed,1,Standard,Abu Dhabi,0,2,1,0,0,1
CUST1384,42,40662.0,837,71.03,4,1,27649.0,27.19,Self-Employed,12,Platinum,Sharjah,2,0,0,0,2,0
CUST1385,43,43510.0,602,31.95,4,1,10997.0,54.79,Unemployed,1,Gold,Ajman,0,0,0,0,0,0
CUST1386,22,98187.0,644,20.61,3,1,33489.0,77.4,Self-Employed,12,Platinum,Sharjah,1,0,0,0,0,0
CUST1387,47,60998.0,300,62.38,4,1,9104.0,8.78,Employed,1,Standard,Dubai,0,1,2,0,0,1
CUST1388,62,76846.0,446,49.65,0,0,,71.78,Unemployed,8,Gold,Sharjah,0,1,0,0,0,0
CUST1389,22,114071.0,586,21.04,4,1,28684.0,48.27,Employed,3,Platinum,Dubai,0,0,1,0,0,0
CUST1390,46,26640.0,352,66.73,1,0,39519.0,47.29,Employed,11,Gold,Abu Dhabi,1,1,0,0,0,0
CUST1391,37,64547.0,603,94.2,3,1,49649.0,42.52,Employed,1,Gold,Sharjah,1,0,2,0,2,0
CUST1392,60,74620.0,368,72.25,1,1,34524.0,10.2,Employed,7,Standard,Abu Dhabi,0,0,0,0,0,0
CUST1393,53,35317.0,660,71.6,4,1,,11.74,Employed,10,Standard,Abu Dhabi,0,1,1,0,0,0
CUST1394,29,135608.0,519,90.53,0,1,33885.0,50.07,Employed,3,Standard,Sharjah,0,1,0,0,2,0
CUST1395,63,27564.0,460,23.26,2,0,44369.0,30.57,Employed,8,Standard,Dubai,0,0,0,0,0,0
CUST1396,68,47345.0,388,55.9,5,0,35596.0,73.8,Self-Employed,4,Platinum,Abu Dhabi,2,1,0,0,0,0
CUST1397,59,133824.0,458,93.17,5,0,29866.0,35.49,Unemployed,4,Standard,Abu Dhabi,0,0,1,0,0,0
CUST1398,49,114223.0,788,19.88,4,0,,15.75,Employed,5,Platinum,Sharjah,0,1,0,0,1,0
CUST1399,62,143372.0,623,68.02,0,0,47764.0,58.6,Unemployed,6,Platinum,Sharjah,0,0,2,0,0,0
CUST1400,46,99273.0,680,57.72,3,0,,27.0,Unemployed,7,Standard,Sharjah,0,0,1,1,2,0
CUST1401,55,94859.0,401,57.78,1,1,39760.0,44.41,Self-Employed,14,Standard,Sharjah,0,0,0,1,1,0
CUST1402,45,100765.0,793,67.79,1,0,27559.0,57.34,Employed,14,Platinum,Sharjah,0,0,1,1,0,0
CUST1403,44,130017.0,318,88.67,1,1,46546.0,72.52,Self-Employed,4,Platinum,Ajman,0,0,0,0,0,0
CUST1404,33,,753,75.43,3,1,6771.0,64.41,Unemployed,8,Standard,Sharjah,0,0,0,0,0,0
CUST1405,27,143618.0,781,10.05,5,1,16526.0,55.73,Self-Employed,13,Standard,Dubai,0,0,0,0,0,0
CUST1406,56,72393.0,696,81.75,0,1,29896.0,55.97,Employed,6,Gold,Abu Dhabi,1,0,0,0,1,1
CUST1407,65,86081.0,578,25.3,3,0,31923.0,75.94,Employed,14,Gold,Dubai,0,0,0,0,2,0
CUST1408,40,145341.0,664,38.92,1,1,36203.0,27.19,Employed,1,Standard,Dubai,0,0,0,0,0,0
CUST1409,21,122650.0,630,46.56,4,1,39390.0,5.08,Employed,1,Gold,Ajman,0,0,0,1,0,0
CUST1410,28,49430.0,643,48.28,2,0,,25.4,Employed,9,Standard,Sharjah,0,0,0,0,0,0
CUST1411,66,95532.0,754,44.17,3,0,47574.0,21.34,Employed,10,Standard,Abu Dhabi,0,1,0,0,0,0
CUST1412,36,47788.0,364,89.36,3,1,43391.0,54.64,Self-Employed,6,Standard,Dubai,0,1,0,0,0,0
CUST1413,34,115505.0,375,68.54,0,0,1848.0,52.53,Unemployed,10,Standard,Sharjah,0,0,1,0,0,0
CUST1414,32,68543.0,442,61.81,0,0,31027.0,49.51,Employed,8,Standard,Sharjah,2,0,0,0,0,0
CUST1415,43,33919.0,772,9.49,3,0,35464.0,6.22,Unemployed,13,Standard,Ajman,0,0,0,1,0,0
CUST1416,35,89346.0,716,86.35,1,0,,59.66,Employed,7,Standard,Ajman,0,0,0,0,0,1
CUST1417,48,116122.0,604,86.85,2,0,19456.0,29.26,Self-Employed,12,Standard,Ajman,0,0,0,1,1,2
CUST1418,54,59974.0,796,75.22,0,1,9259.0,54.88,Self-Employed,6,Standard,Abu Dhabi,0,1,1,0,1,0
CUST1419,22,127309.0,590,5.63,1,0,35554.0,46.74,Self-Employed,4,Platinum,Dubai,0,0,0,1,0,0
CUST1420,52,36371.0,401,10.16,4,0,,30.7,Unemployed,7,Standard,Ajman,1,0,0,0,0,0
CUST1421,43,65084.0,566,25.27,0,0,13409.0,15.09,Employed,9,Standard,Ajman,0,0,0,0,0,0
CUST1422,42,49629.0,302,16.82,1,0,3791.0,12.08,Unemployed,14,Gold,Ajman,0,1,0,0,0,0
CUST1423,45,71184.0,384,40.9,1,1,25864.0,67.36,Employed,11,Platinum,Dubai,0,0,2,0,0,0
CUST1424,42,81916.0,627,88.04,2,0,,73.88,Self-Employed,10,Standard,Dubai,0,0,1,2,0,0
CUST1425,42,147293.0,749,47.49,2,0,34574.0,53.73,Self-Employed,10,Gold,Ajman,0,0,0,0,0,0
CUST1426,69,93972.0,753,6.21,4,0,17888.0,12.76,Self-Employed,14,Gold,Ajman,0,0,0,0,0,0
CUST1427,62,82187.0,520,30.45,1,0,19692.0,35.15,Employed,7,Gold,Sharjah,0,0,0,2,0,0
CUST1428,26,32984.0,453,9.01,5,1,23501.0,59.67,Unemployed,1,Standard,Ajman,0,0,0,0,0,1
CUST1429,35,53039.0,311,8.27,1,1,13304.0,63.49,Employed,10,Gold,Abu Dhabi,0,1,1,0,0,0
CUST1430,63,105431.0,432,29.81,2,0,27527.0,13.87,Employed,9,Standard,Abu Dhabi,2,0,1,0,2,0
CUST1431,57,103691.0,603,29.81,5,0,18074.0,5.0,Self-Employed,13,Gold,Ajman,0,0,0,0,0,0
CUST1432,53,78606.0,592,75.84,0,0,15549.0,58.41,Employed,4,Gold,Dubai,1,0,2,1,0,0
CUST1433,28,30616.0,599,92.74,0,0,29963.0,31.74,Self-Employed,3,Standard,Sharjah,1,0,0,0,0,0
CUST1434,64,122665.0,342,38.41,3,0,25920.0,24.09,Employed,4,Platinum,Dubai,0,0,0,0,2,0
CUST1435,64,,642,43.6,2,0,30826.0,5.97,Employed,4,Standard,Ajman,0,0,0,0,0,0
CUST1436,25,70072.0,625,81.03,3,0,36071.0,45.52,Self-Employed,13,Platinum,Abu Dhabi,0,0,0,1,0,0
CUST1437,59,44574.0,797,29.13,5,0,16061.0,68.84,Employed,10,Standard,Sharjah,0,1,0,0,1,0
CUST1438,24,23430.0,663,19.07,2,1,28810.0,76.82,Employed,11,Standard,Dubai,0,0,0,1,0,0
CUST1439,26,139123.0,726,81.78,4,1,47966.0,47.43,Self-Employed,2,Standard,Dubai,1,0,0,0,0,0
CUST1440,65,32676.0,320,9.19,1,0,22800.0,43.58,Employed,14,Platinum,Ajman,2,1,0,0,0,0
CUST1441,52,30816.0,706,60.77,4,1,43423.0,11.38,Employed,12,Standard,Sharjah,0,0,1,2,0,0
CUST1442,50,52733.0,635,55.58,5,0,41692.0,46.17,Employed,14,Standard,Abu Dhabi,0,0,0,0,0,0
CUST1443,67,105680.0,416,36.13,2,0,9940.0,33.5,Self-Employed,1,Standard,Ajman,0,0,0,0,0,2
CUST1444,55,22050.0,423,33.37,5,1,3924.0,50.54,Self-Employed,12,Gold,Sharjah,1,0,1,0,0,0
CUST1445,60,129996.0,698,74.47,1,1,28054.0,34.15,Self-Employed,10,Gold,Dubai,0,1,2,0,0,0
CUST1446,36,53933.0,350,12.78,0,1,9783.0,23.02,Employed,12,Standard,Ajman,0,0,2,0,0,0
CUST1447,33,44951.0,623,26.31,0,0,37253.0,12.12,Self-Employed,1,Standard,Dubai,0,0,0,2,0,2
CUST1448,62,52413.0,440,70.92,5,0,45397.0,28.62,Self-Employed,13,Standard,Dubai,0,0,0,1,0,1
CUST1449,50,54801.0,769,54.35,3,1,13233.0,12.25,Self-Employed,14,Standard,Ajman,2,0,0,0,2,0
CUST1450,39,75619.0,633,16.52,2,0,45669.0,18.27,Employed,8,Standard,Ajman,0,0,0,0,0,0
CUST1451,37,52913.0,672,84.39,2,0,24484.0,79.05,Unemployed,14,Gold,Ajman,0,0,2,0,0,0
CUST1452,39,132573.0,793,40.41,0,0,25068.0,38.31,Self-Employed,2,Standard,Ajman,2,1,0,0,0,0
CUST1453,48,139076.0,838,79.51,4,0,191.0,44.89,Employed,12,Standard,Ajman,0,2,0,0,0,0
CUST1454,46,60600.0,455,75.89,1,0,25074.0,70.52,Employed,10,Standard,Dubai,0,0,0,1,0,0
CUST1455,57,77775.0,590,61.2,4,0,4917.0,79.67,Unemployed,5,Platinum,Abu Dhabi,0,0,0,0,0,0
CUST1456,46,,443,49.5,4,1,38599.0,48.7,Employed,12,Platinum,Abu Dhabi,0,2,1,1,0,0
CUST1457,43,149972.0,405,93.16,5,0,25832.0,65.94,Unemployed,4,Platinum,Ajman,0,0,0,0,0,1
CUST1458,29,110093.0,719,18.05,0,0,,29.52,Self-Employed,8,Standard,Dubai,0,0,0,0,1,0
CUST1459,32,132590.0,301,70.26,0,0,20706.0,27.93,Employed,2,Standard,Abu Dhabi,0,0,0,0,0,0
CUST1460,21,,389,22.21,0,0,13682.0,35.2,Employed,10,Standard,Abu Dhabi,0,1,0,0,0,0
CUST1461,21,,644,35.44,5,0,26762.0,55.44,Employed,9,Standard,Abu Dhabi,1,1,0,0,0,1
CUST1462,67,100688.0,649,32.78,3,0,23383.0,56.16,Unemployed,7,Gold,Dubai,1,0,0,2,0,1
CUST1463,54,142744.0,758,90.23,4,1,27796.0,28.64,Employed,13,Gold,Ajman,0,0,0,0,0,0
CUST1464,52,109431.0,562,92.06,5,0,23666.0,14.99,Self-Employed,7,Platinum,Ajman,0,0,0,2,0,0
CUST1465,68,94691.0,650,21.47,2,1,25662.0,52.43,Employed,1,Platinum,Ajman,0,0,2,0,0,1
CUST1466,45,117419.0,407,6.98,1,0,45159.0,14.62,Employed,14,Standard,Sharjah,0,0,2,2,0,0
CUST1467,60,128730.0,338,69.8,3,0,34642.0,48.39,Employed,12,Gold,Sharjah,1,1,2,0,1,0
CUST1468,65,63001.0,458,42.62,2,0,41830.0,57.01,Employed,2,Standard,Sharjah,0,0,0,2,0,1
CUST1469,21,87364.0,611,13.0,4,0,37531.0,57.55,Unemployed,4,Standard,Dubai,0,1,0,0,0,0
CUST1470,36,144988.0,540,66.54,0,1,10234.0,61.51,Employed,4,Gold,Abu Dhabi,0,0,0,0,1,0
CUST1471,59,65028.0,744,54.06,4,0,9221.0,70.46,Employed,11,Standard,Abu Dhabi,0,0,1,2,0,1
CUST1472,25,127434.0,597,93.25,5,0,11410.0,42.5,Employed,14,Standard,Dubai,0,0,2,0,0,0
CUST1473,42,117659.0,335,25.47,1,1,14519.0,59.77,Employed,3,Standard,Dubai,0,0,1,0,0,0
CUST1474,49,57573.0,383,41.36,5,1,1051.0,51.44,Employed,7,Gold,Ajman,2,0,0,0,0,0
CUST1475,23,20806.0,751,53.83,3,1,44993.0,19.0,Unemployed,12,Gold,Ajman,1,2,2,2,0,0
CUST1476,32,144343.0,684,76.25,3,0,9765.0,6.93,Employed,8,Standard,Sharjah,0,1,0,0,0,0
CUST1477,46,76638.0,471,54.4,1,1,11382.0,26.34,Employed,2,Platinum,Sharjah,0,0,0,0,0,0
CUST1478,36,148301.0,675,60.16,2,0,12580.0,38.23,Employed,4,Standard,Dubai,2,0,0,0,0,0
CUST1479,57,146295.0,661,25.35,2,0,32323.0,51.28,Unemployed,14,Standard,Sharjah,0,2,0,0,1,0
CUST1480,42,126506.0,440,81.22,3,0,44757.0,68.75,Employed,3,Gold,Abu Dhabi,0,0,0,1,0,0
CUST1481,49,49757.0,417,43.58,3,0,11939.0,19.72,Employed,2,Gold,Dubai,0,0,0,0,0,0
CUST1482,34,54636.0,576,17.69,0,0,29964.0,14.42,Self-Employed,12,Platinum,Dubai,1,0,0,0,0,2
CUST1483,48,100097.0,519,64.78,2,0,307.0,77.26,Employed,13,Standard,Abu Dhabi,0,2,0,2,0,0
CUST1484,25,68280.0,325,24.45,1,1,3359.0,13.1,Employed,14,Gold,Ajman,0,0,1,0,1,0
CUST1485,67,44262.0,820,13.78,2,0,,40.89,Employed,6,Gold,Ajman,1,0,0,0,0,0
CUST1486,69,100435.0,309,82.58,0,0,35944.0,48.92,Self-Employed,13,Platinum,Abu Dhabi,1,2,0,0,0,0
CUST1487,50,,677,46.41,5,0,,45.6,Employed,4,Standard,Abu Dhabi,2,0,1,0,0,0
CUST1488,66,74842.0,451,72.44,3,1,38134.0,11.45,Self-Employed,6,Gold,Sharjah,0,0,2,0,0,0
CUST1489,25,148583.0,348,31.15,3,0,27323.0,9.28,Employed,2,Gold,Dubai,0,0,0,0,0,0
CUST1490,32,76979.0,453,75.83,0,0,6226.0,12.91,Employed,12,Standard,Sharjah,0,1,0,0,0,0
CUST1491,36,134524.0,592,15.07,1,1,,48.92,Employed,4,Standard,Abu Dhabi,1,0,0,0,0,0
CUST1492,46,,349,37.04,3,1,30971.0,45.83,Employed,11,Standard,Sharjah,0,2,0,0,0,0
CUST1493,46,58197.0,830,93.03,4,0,25954.0,22.53,Self-Employed,6,Gold,Abu Dhabi,0,0,0,0,0,0
CUST1494,68,61844.0,359,76.46,3,0,24423.0,52.83,Employed,14,Platinum,Sharjah,1,0,1,0,0,0
CUST1495,41,84754.0,466,49.75,4,1,30391.0,66.51,Employed,5,Gold,Sharjah,0,2,0,0,2,0
CUST1496,59,121868.0,501,35.58,0,0,14330.0,8.12,Employed,3,Gold,Ajman,0,0,1,0,1,0
CUST1497,56,54157.0,445,83.49,0,0,4891.0,42.36,Unemployed,8,Gold,Abu Dhabi,0,0,1,0,2,0
CUST1498,53,97129.0,738,54.04,3,1,4992.0,56.7,Employed,7,Standard,Sharjah,0,0,2,0,2,0
CUST1499,50,60042.0,541,73.26,2,0,1961.0,23.92,Unemployed,3,Standard,Dubai,0,0,0,0,0,0
